team_id,team_name,league_ids,team_crest,team_url,last_updated,country,city,stadium,other_names,abbreviations,search_terms
MsbmracL,Nottingham,EUROPE_EUROPA_LEAGUE,https://static.flashscore.com/res/image/data/86ODdyle-ImKwLTtA.png,https://www.flashscore.com/team/fenerbahce/MsbmracL/,2026-02-26T13:19:47.037417+00:00,,,,[],[],[]
UsushcZr,Fenerbahce,EUROPE_EUROPA_LEAGUE,https://static.flashscore.com/res/image/data/drRgiLlC-llnQ8REs.png,https://www.flashscore.com/team/nottingham/UsushcZr/,2026-02-26T13:19:47.037417+00:00,,,,[],[],[]
SpbURe4O,Celje,EUROPE_CONFERENCE_LEAGUE,https://static.flashscore.com/res/image/data/dzJvOb96-juuH5vx4.png,https://www.flashscore.com/team/celje/SpbURe4O/,2026-02-26T13:19:47.037417+00:00,,,,[],[],[]
bwWOjXUP,Drita,EUROPE_CONFERENCE_LEAGUE,https://static.flashscore.com/res/image/data/CGGpODme-xYt3Tt4D.png,https://www.flashscore.com/team/drita/bwWOjXUP/,2026-02-26T13:19:47.037417+00:00,,,,[],[],[]
Q3A3IbXH,Fiorentina,EUROPE_CONFERENCE_LEAGUE,https://static.flashscore.com/res/image/data/fZhEFLjT-6XKdgOM6.png,https://www.flashscore.com/team/fiorentina/Q3A3IbXH/,2026-02-26T13:19:47.037417+00:00,,,,[],[],[]
lIDaZJTc,Jagiellonia,EUROPE_CONFERENCE_LEAGUE,https://static.flashscore.com/res/image/data/za7ZvbPq-G09MInrR.png,https://www.flashscore.com/team/jagiellonia/lIDaZJTc/,2026-02-26T13:19:47.037417+00:00,,,,[],[],[]
GSLWiAPe,Rijeka,EUROPE_CONFERENCE_LEAGUE,https://static.flashscore.com/res/image/data/tnwEgSTH-YDFGOnMF.png,https://www.flashscore.com/team/omonia/GSLWiAPe/,2026-02-26T13:19:47.037417+00:00,,,,[],[],[]
pSc6z7bf,Samsunspor,EUROPE_CONFERENCE_LEAGUE,https://static.flashscore.com/res/image/data/65PgANkC-StKLPBm2.png,https://www.flashscore.com/team/samsunspor/pSc6z7bf/,2026-02-26T13:19:47.037417+00:00,,,,[],[],[]
je0pik4r,Shkendija,EUROPE_CONFERENCE_LEAGUE,https://static.flashscore.com/res/image/data/rg0hRWlC-GQWZId7Q.png,https://www.flashscore.com/team/shkendija-tetovo/je0pik4r/,2026-02-26T13:19:47.037417+00:00,,,,[],[],[]
2RxOow1i,AZ Alkmaar,EUROPE_CONFERENCE_LEAGUE,https://static.flashscore.com/res/image/data/v9zOEImC-4vob7cTR.png,https://www.flashscore.com/team/az-alkmaar/2RxOow1i/,2026-02-26T13:19:47.037417+00:00,,,,[],[],[]
IeATrtcs,Noah,EUROPE_CONFERENCE_LEAGUE,https://static.flashscore.com/res/image/data/pQ0fOuA6-2mU8GaB3.png,https://www.flashscore.com/team/noah/IeATrtcs/,2026-02-26T13:19:47.037417+00:00,,,,[],[],[]
AovF1Mia,Crystal Palace,EUROPE_CONFERENCE_LEAGUE,https://static.flashscore.com/res/image/data/GfkvlLmC-drybTCiH.png,https://www.flashscore.com/team/crystal-palace/AovF1Mia/,2026-02-26T13:19:47.037417+00:00,,,,[],[],[]
0C6tPiIc,Zrinjski,EUROPE_CONFERENCE_LEAGUE,https://static.flashscore.com/res/image/data/jZgBiiU0-UDxTrxzU.png,https://www.flashscore.com/team/zrinjski/0C6tPiIc/,2026-02-26T13:19:47.037417+00:00,,,,[],[],[]
Wd10iFbk,Lausanne,EUROPE_CONFERENCE_LEAGUE,https://static.flashscore.com/res/image/data/Y7uS6BCN-IkaTiXpU.png,https://www.flashscore.com/team/lausanne/Wd10iFbk/,2026-02-26T13:19:47.037417+00:00,,,,[],[],[]
drA4fSL4,Sigma Olomouc,EUROPE_CONFERENCE_LEAGUE,https://static.flashscore.com/res/image/data/zJBsc5S0-tSvbp7JC.png,https://www.flashscore.com/team/sigma-olomouc/drA4fSL4/,2026-02-26T13:19:47.037417+00:00,,,,[],[],[]
nLBbqJDS,Lech Poznan,EUROPE_CONFERENCE_LEAGUE,https://static.flashscore.com/res/image/data/naukdF86-lCvEmFL0.png,https://www.flashscore.com/team/kups/nLBbqJDS/,2026-02-26T13:19:47.037417+00:00,,,,[],[],[]
OpNH7Ouf,KuPS,EUROPE_CONFERENCE_LEAGUE,https://static.flashscore.com/res/image/data/SpqXiv96-tE5VOoRI.png,https://www.flashscore.com/team/lech-poznan/OpNH7Ouf/,2026-02-26T13:19:47.037417+00:00,,,,[],[],[]
KYvzpYtb,Guarani (Par),SOUTH_AMERICA_COPA_LIBERTADORES,https://static.flashscore.com/res/image/data/OfMzf5kC-G0qum5Ko.png,https://www.flashscore.com/team/guarani/KYvzpYtb/,2026-02-26T13:19:47.037417+00:00,,,,[],[],[]
UcloL6tq,Juventud (Uru),SOUTH_AMERICA_COPA_LIBERTADORES,https://static.flashscore.com/res/image/data/Ewu5CRlC-WIGOXbOL.png,https://www.flashscore.com/team/juventud/UcloL6tq/,2026-02-26T13:19:47.037417+00:00,,,,[],[],[]
nBionu2l,Constantine,ALGERIA_LIGUE_1,https://static.flashscore.com/res/image/data/SdCBiSU0-z564LBUI.png,https://www.flashscore.com/team/constantine/nBionu2l/,2026-02-26T13:19:47.037417+00:00,,,,[],[],[]
pKS9M7R7,Ferencvárosi Torna Club,EUROPE_EUROPA_LEAGUE,https://static.flashscore.com/res/image/data/Ia49DPjC-0jIfCnDf.png,https://www.flashscore.com/team/ferencvaros/pKS9M7R7/,2026-02-26T13:21:36.861377+00:00,HU,Budapest,Groupama Aréna,"['Ferencváros', 'Fradi', 'FTC', 'Green Eagles']",['FTC'],"['ferencvarosi torna club', 'ferencvaros', 'green eagles', 'fradi', 'ftc']"
SENMmweG,FC Viktoria Plzeň,EUROPE_EUROPA_LEAGUE,https://static.flashscore.com/res/image/data/bqVYEnjT-MXYEMX6S.png,https://www.flashscore.com/team/panathinaikos/SENMmweG/,2026-02-26T13:22:24.689449+00:00,CZ,Plzeň,Doosan Arena,"['Viktoria Plzeň', 'Viktorka']","['FCV', 'VP']","['plzen', 'viktoria plzen', 'fc viktoria plzen', 'viktorka', 'fcv', 'vp']"
QFKRRD8M,Verein für Bewegungsspiele Stuttgart 1893 e. V.,EUROPE_EUROPA_LEAGUE,https://static.flashscore.com/res/image/data/fgQWGn86-f1Z3XxZa.png,https://www.flashscore.com/team/celtic/QFKRRD8M/,2026-02-26T13:23:13.800241+00:00,DE,Stuttgart,MHPArena,"['VfB Stuttgart', 'VfB', 'Die Roten', 'Die Schwaben']",['VfB'],"['verein fur bewegungsspiele stuttgart 1893 e v', 'vfb', 'stuttgart', 'die roten', 'vfb stuttgart', 'die schwaben']"
0M9xNN8N,Bologna Football Club 1909 S.p.A.,EUROPE_EUROPA_LEAGUE,https://static.flashscore.com/res/image/data/6ovaa9T0-McvX4bye.png,https://www.flashscore.com/team/bologna/0M9xNN8N/,2026-02-26T13:24:01.687128+00:00,IT,Bologna,Stadio Renato Dall'Ara,"['Bologna FC 1909', 'Rossoblù', 'Felsinei']",['BFC'],"['rossoblu', 'bfc', 'felsinei', 'bologna fc 1909', 'bologna', 'bologna football club 1909 spa']"
8pvUZFhf,"Real Club Celta de Vigo, S.A.D.",EUROPE_EUROPA_LEAGUE,https://static.flashscore.com/res/image/data/INW8oRBN-SOY3p1Si.png,https://www.flashscore.com/team/celta-vigo/8pvUZFhf/,2026-02-26T13:24:48.633482+00:00,ES,Vigo,Abanca Balaídos,"['Celta de Vigo', 'Celta', 'Os Celestes', 'Celtiñas']","['Celta', 'RCCV']","['celtinas', 'rccv', 'celta', 'celta vigo', 'real club celta de vigo sad', 'os celestes', 'celta de vigo']"
8G5ufQTg,Koninklijke Racing Club Genk,EUROPE_EUROPA_LEAGUE,https://static.flashscore.com/res/image/data/pxtsZIR0-YB0frRRP.png,https://www.flashscore.com/team/din-zagreb/8G5ufQTg/,2026-02-26T13:25:35.246269+00:00,BE,Genk,Cegeka Arena,"['KRC Genk', 'Racing Genk']",['KRC Genk'],"['genk', 'krc genk', 'racing genk', 'koninklijke racing club genk']"
vNJLB2jP,CR Belouizdad,ALGERIA_LIGUE_1,https://static.flashscore.com/res/image/data/0Occ50UH-ra3Uuwrg.png,https://www.flashscore.com/team/cr-belouizdad/vNJLB2jP/,2026-02-26T13:19:47.037417+00:00,,,,[],[],[]
Wfaskwf0,MC Alger,ALGERIA_LIGUE_1,https://static.flashscore.com/res/image/data/6iZxVq86-jwbJzKoA.png,https://www.flashscore.com/team/kabylie/Wfaskwf0/,2026-02-26T13:19:47.037417+00:00,,,,[],[],[]
tnY2Lfcp,Kabylie,ALGERIA_LIGUE_1,https://static.flashscore.com/res/image/data/Eeo2fWhT-KrkUCdS2.png,https://www.flashscore.com/team/mc-alger/tnY2Lfcp/,2026-02-26T13:19:47.037417+00:00,,,,[],[],[]
Eg51aDC4,Racing Club,ARGENTINA_LIGA_PROFESIONAL,https://static.flashscore.com/res/image/data/Wp6MmpQq-OCiVKiPK.png,https://www.flashscore.com/team/ind-rivadavia/Eg51aDC4/,2026-02-26T13:19:47.037417+00:00,,,,[],[],[]
OhapHPm9,Ind. Rivadavia,ARGENTINA_LIGA_PROFESIONAL,https://static.flashscore.com/res/image/data/EqRag6Qq-dMZHs4g0.png,https://www.flashscore.com/team/racing-club/OhapHPm9/,2026-02-26T13:19:47.037417+00:00,,,,[],[],[]
KQ6kGfyc,Sarmiento Junin,ARGENTINA_LIGA_PROFESIONAL,https://static.flashscore.com/res/image/data/0jUeTMhT-jFNZQuRn.png,https://www.flashscore.com/team/sarmiento-junin/KQ6kGfyc/,2026-02-26T13:19:47.037417+00:00,,,,[],[],[]
lr2YMkTK,Union de Santa Fe,ARGENTINA_LIGA_PROFESIONAL,https://static.flashscore.com/res/image/data/xCI9eFAN-OS9FbeGg.png,https://www.flashscore.com/team/union-de-santa-fe/lr2YMkTK/,2026-02-26T13:19:47.037417+00:00,,,,[],[],[]
llpcIYF2,Estudiantes Rio Cuarto,ARGENTINA_LIGA_PROFESIONAL,https://static.flashscore.com/res/image/data/ShlduL7k-jesEVRhB.png,https://www.flashscore.com/team/estudiantes-rio-cuarto/llpcIYF2/,2026-02-26T13:19:47.037417+00:00,,,,[],[],[]
GIb40wNM,River Plate,ARGENTINA_LIGA_PROFESIONAL,https://static.flashscore.com/res/image/data/pAiUJ8hT-nqhLBCKD.png,https://www.flashscore.com/team/banfield/GIb40wNM/,2026-02-26T13:19:47.037417+00:00,,,,[],[],[]
EVqSBe2f,Banfield,ARGENTINA_LIGA_PROFESIONAL,https://static.flashscore.com/res/image/data/j1G5vlQq-zPA7Mpsn.png,https://www.flashscore.com/team/river-plate/EVqSBe2f/,2026-02-26T13:19:47.037417+00:00,,,,[],[],[]
n3QdnjFB,Santos,BRAZIL_SERIE_A_BETANO,https://static.flashscore.com/res/image/data/hzibzPjC-hv442jSk.png,https://www.flashscore.com/team/santos/n3QdnjFB/,2026-02-26T13:19:47.037417+00:00,,,,[],[],[]
2RABlYFn,Vasco,BRAZIL_SERIE_A_BETANO,https://static.flashscore.com/res/image/data/Qw7CsWAN-bam8o1Nj.png,https://www.flashscore.com/team/vasco/2RABlYFn/,2026-02-26T13:19:47.037417+00:00,,,,[],[],[]
6ZOUj7Tc,Nova Iguacu,BRAZIL_CARIOCA,https://static.flashscore.com/res/image/data/jPyEcDQq-j73lvCe5.png,https://www.flashscore.com/team/nova-iguacu/6ZOUj7Tc/,2026-02-26T13:19:47.037417+00:00,,,,[],[],[]
MVetMLIi,Portuguesa RJ,BRAZIL_CARIOCA,https://static.flashscore.com/res/image/data/2yr4EHlC-UFXUNb5C.png,https://www.flashscore.com/team/portuguesa-rj/MVetMLIi/,2026-02-26T13:19:47.037417+00:00,,,,[],[],[]
6idiTLqA,Marica,BRAZIL_CARIOCA,https://static.flashscore.com/res/image/data/8pRX8dU0-Qafl2MxQ.png,https://www.flashscore.com/team/sampaio-correa-fe/6idiTLqA/,2026-02-26T13:19:47.037417+00:00,,,,[],[],[]
O65ncMeB,Carlos Renaux,BRAZIL_CATARINENSE,https://static.flashscore.com/res/image/data/0KukijgT-l84NFBYo.png,https://www.flashscore.com/team/carlos-renaux/O65ncMeB/,2026-02-26T13:19:47.037417+00:00,,,,[],[],[]
4WlWHbGF,Marcilio Dias,BRAZIL_CATARINENSE,https://static.flashscore.com/res/image/data/bJFZ9uiC-p854Lxw8.png,https://www.flashscore.com/team/marcilio-dias/4WlWHbGF/,2026-02-26T13:19:47.037417+00:00,,,,[],[],[]
0UkwhBW8,Ferroviario,BRAZIL_CEARENSE,https://static.flashscore.com/res/image/data/0lvTfaT0-vPPc5bCq.png,https://www.flashscore.com/team/ferroviario/0UkwhBW8/,2026-02-26T13:19:47.037417+00:00,,,,[],[],[]
6cfVpFuD,Floresta EC,BRAZIL_CEARENSE,https://static.flashscore.com/res/image/data/EyaEQajT-UZ7b0DhH.png,https://www.flashscore.com/team/floresta-ec/6cfVpFuD/,2026-02-26T13:19:47.037417+00:00,,,,[],[],[]
UcbefG6J,Itapirense,BRAZIL_PAULISTA_A3,https://static.flashscore.com/res/image/data/23fMAY86-OQAQotl2.png,https://www.flashscore.com/team/itapirense/UcbefG6J/,2026-02-26T13:19:47.037417+00:00,,,,[],[],[]
AkPEBy3K,Rio Claro,BRAZIL_PAULISTA_A3,https://static.flashscore.com/res/image/data/44wLnvme-p0JCOrSh.png,https://www.flashscore.com/team/rio-claro/AkPEBy3K/,2026-02-26T13:19:47.037417+00:00,,,,[],[],[]
0fEt8HcD,Botafogo RJ U17,BRAZIL_COPA_DO_BRASIL_U17,https://static.flashscore.com/res/image/data/WpiqszUH-f5khNE8B.png,https://www.flashscore.com/team/botafogo-rj/0fEt8HcD/,2026-02-26T13:19:47.037417+00:00,,,,[],[],[]
b566Udhs,Goias U17,BRAZIL_COPA_DO_BRASIL_U17,https://static.flashscore.com/res/image/data/lf42SGU0-x2IzNsGl.png,https://www.flashscore.com/team/goias/b566Udhs/,2026-02-26T13:19:47.037417+00:00,,,,[],[],[]
U7zIAwsm,Bahia U20,BRAZIL_BRASILEIRO_U20,https://static.flashscore.com/res/image/data/nkoXVcU0-Q7tt3ALj.png,https://www.flashscore.com/team/bahia/U7zIAwsm/,2026-02-26T13:19:47.037417+00:00,,,,[],[],[]
48ckmHOC,Canon Yaounde,CAMEROON_ELITE_ONE,https://static.flashscore.com/res/image/data/zJpgpXjC-K0hhvgY6.png,https://www.flashscore.com/team/canon-yaounde/48ckmHOC/,2026-02-26T13:19:47.037417+00:00,,,,[],[],[]
IB1gnyvJ,Cotonsport,CAMEROON_ELITE_ONE,https://static.flashscore.com/res/image/data/h2QPfk6k-IcoqV5ye.png,https://www.flashscore.com/team/cotonsport/IB1gnyvJ/,2026-02-26T13:19:47.037417+00:00,,,,[],[],[]
27xPRZxk,Colombe,CAMEROON_SUPER_CUP,https://static.flashscore.com/res/image/data/jgX4mjUH-CrTzmp8m.png,https://www.flashscore.com/team/colombe/27xPRZxk/,2026-02-26T13:19:47.037417+00:00,,,,[],[],[]
MPLYHPAs,Panthere,CAMEROON_SUPER_CUP,https://static.flashscore.com/res/image/data/UXiybdBN-Q9mRPIfO.png,https://www.flashscore.com/team/panthere/MPLYHPAs/,2026-02-26T13:19:47.037417+00:00,,,,[],[],[]
CW5xMidc,Fehra,CHAD_PREMIERE_DIVISION,https://static.flashscore.com/res/image/data/b3BcPLle-42R5isUB.png,https://www.flashscore.com/team/fehra/CW5xMidc/,2026-02-26T13:19:47.037417+00:00,,,,[],[],[]
GYcKRU1F,Stars J. Talents,CHAD_PREMIERE_DIVISION,https://static.flashscore.com/res/image/data/KSvhBdDN-Q519zvrJ.png,https://www.flashscore.com/team/stars-j-talents/GYcKRU1F/,2026-02-26T13:19:47.037417+00:00,,,,[],[],[]
6BtZsN13,Gazelle,CHAD_PREMIERE_DIVISION,https://static.flashscore.com/res/image/data/WtCNl9R0-AV0HXnFS.png,https://www.flashscore.com/team/foullah-edifice/6BtZsN13/,2026-02-26T13:19:47.037417+00:00,,,,[],[],[]
joX7cky0,Foullah Edifice,CHAD_PREMIERE_DIVISION,https://static.flashscore.com/res/image/data/2kpFdXVH-tfDUSFhC.png,https://www.flashscore.com/team/gazelle/joX7cky0/,2026-02-26T13:19:47.037417+00:00,,,,[],[],[]
O8ANu9JR,Boca Juniors,COLOMBIA_PRIMERA_B,https://static.flashscore.com/res/image/data/CzFpH08k-YkXz5hTm.png,https://www.flashscore.com/team/barranquilla/O8ANu9JR/,2026-02-26T13:19:47.037417+00:00,,,,[],[],[]
6yoKBtoR,Barranquilla,COLOMBIA_PRIMERA_B,https://static.flashscore.com/res/image/data/4On2CIR0-OlLDanjn.png,https://www.flashscore.com/team/boca-juniors-de-cali/6yoKBtoR/,2026-02-26T13:19:47.037417+00:00,,,,[],[],[]
bRDQ07GG,Saint-Luc,DR_CONGO_LIGUE_1,https://static.flashscore.com/res/image/data/h0azPXRq-G4XzwJkn.png,https://www.flashscore.com/team/saint-luc/bRDQ07GG/,2026-02-26T13:19:47.037417+00:00,,,,[],[],[]
6XXWPpSs,US Panda,DR_CONGO_LIGUE_1,https://static.flashscore.com/res/image/data/OYEpSIAN-jkS08Ggo.png,https://www.flashscore.com/team/us-panda/6XXWPpSs/,2026-02-26T13:19:47.037417+00:00,,,,[],[],[]
ll5VeAML,Aigles du Congo,DR_CONGO_LIGUE_1,https://static.flashscore.com/res/image/data/pEMgghjT-AJdenmNs.png,https://www.flashscore.com/team/aigles-du-congo/ll5VeAML/,2026-02-26T13:19:47.037417+00:00,,,,[],[],[]
A3NxqwT3,Bukavu Dawa,DR_CONGO_LIGUE_1,https://static.flashscore.com/res/image/data/dGcVM2BN-U1zowDfj.png,https://www.flashscore.com/team/bukavu-dawa/A3NxqwT3/,2026-02-26T13:19:47.037417+00:00,,,,[],[],[]
AyC7mybj,Etoile de Kivu,DR_CONGO_LIGUE_1,https://static.flashscore.com/res/image/data/xj4buNle-ppauNwrO.png,https://www.flashscore.com/team/etoile-de-kivu/AyC7mybj/,2026-02-26T13:19:47.037417+00:00,,,,[],[],[]
fVHSnLKa,FC Renaissance,DR_CONGO_LIGUE_1,https://static.flashscore.com/res/image/data/t2LG3fSq-vJ4B9Iya.png,https://www.flashscore.com/team/fc-renaissance/fVHSnLKa/,2026-02-26T13:19:47.037417+00:00,,,,[],[],[]
MRueczhs,Motema Pembe,DR_CONGO_LIGUE_1,https://static.flashscore.com/res/image/data/8I4jBfne-6ZHxQo2r.png,https://www.flashscore.com/team/dauphins-noirs/MRueczhs/,2026-02-26T13:19:47.037417+00:00,,,,[],[],[]
OzNavCpl,Dauphins Noirs,DR_CONGO_LIGUE_1,https://static.flashscore.com/res/image/data/6ou8VV96-8AMeph5n.png,https://www.flashscore.com/team/motema-pembe/OzNavCpl/,2026-02-26T13:19:47.037417+00:00,,,,[],[],[]
0jGgnDRP,Abu Qir Semad,EGYPT_DIVISION_2_A,https://static.flashscore.com/res/image/data/QR8L3SPq-Mspxaqeq.png,https://www.flashscore.com/team/abu-qir-semad/0jGgnDRP/,2026-02-26T13:19:47.037417+00:00,,,,[],[],[]
8nemvXht,Masar,EGYPT_DIVISION_2_A,https://static.flashscore.com/res/image/data/0IbBqQS0-fko1Kltm.png,https://www.flashscore.com/team/masar/8nemvXht/,2026-02-26T13:19:47.037417+00:00,,,,[],[],[]
W0hTETl4,Asyut Petroleum,EGYPT_DIVISION_2_A,https://static.flashscore.com/res/image/data/nTXEYxWH-xYpJaFv3.png,https://www.flashscore.com/team/asyut-petroleum/W0hTETl4/,2026-02-26T13:19:47.037417+00:00,,,,[],[],[]
fTu5lbuj,El Daklyeh,EGYPT_DIVISION_2_A,https://static.flashscore.com/res/image/data/UFX7AaRq-l4Qdre7N.png,https://www.flashscore.com/team/el-daklyeh/fTu5lbuj/,2026-02-26T13:19:47.037417+00:00,,,,[],[],[]
dt3L4JJS,El Mansoura,EGYPT_DIVISION_2_A,https://static.flashscore.com/res/image/data/OpoOoQTH-E5jYcdP4.png,https://www.flashscore.com/team/el-mansoura/dt3L4JJS/,2026-02-26T13:19:47.037417+00:00,,,,[],[],[]
4bLm8fm3,Maleyeit Kafr El Zayiat,EGYPT_DIVISION_2_A,https://static.flashscore.com/res/image/data/ETCccJle-fFMk4dGn.png,https://www.flashscore.com/team/maleyeit-kafr-el-zayiat/4bLm8fm3/,2026-02-26T13:19:47.037417+00:00,,,,[],[],[]
jw5i5tLk,El-Entag El-Harby,EGYPT_DIVISION_2_A,https://static.flashscore.com/res/image/data/vFxjDdUH-Us8QgGhE.png,https://www.flashscore.com/team/al-sekka/jw5i5tLk/,2026-02-26T13:19:47.037417+00:00,,,,[],[],[]
Y1fm0wSq,Al-Sekka,EGYPT_DIVISION_2_A,https://static.flashscore.com/res/image/data/tYBRks8k-d8SflmrH.png,https://www.flashscore.com/team/el-entag-el-harby/Y1fm0wSq/,2026-02-26T13:19:47.037417+00:00,,,,[],[],[]
nL7hY2js,Tanta,EGYPT_DIVISION_2_A,https://static.flashscore.com/res/image/data/ncfdt5AN-UTpZ7Xnm.png,https://www.flashscore.com/team/al-qanah/nL7hY2js/,2026-02-26T13:19:47.037417+00:00,,,,[],[],[]
na5wg1oG,Al Qanah,EGYPT_DIVISION_2_A,https://static.flashscore.com/res/image/data/xWXhSYAN-AunjXw0d.png,https://www.flashscore.com/team/tanta/na5wg1oG/,2026-02-26T13:19:47.037417+00:00,,,,[],[],[]
ARsfCqEI,Tersana,EGYPT_DIVISION_2_A,https://static.flashscore.com/res/image/data/Y57No2lC-GzO2bts3.png,https://www.flashscore.com/team/proxy/ARsfCqEI/,2026-02-26T13:19:47.037417+00:00,,,,[],[],[]
Onos85dp,Proxy,EGYPT_DIVISION_2_A,https://static.flashscore.com/res/image/data/WE6TbdRq-zaZRfcTP.png,https://www.flashscore.com/team/tersana/Onos85dp/,2026-02-26T13:19:47.037417+00:00,,,,[],[],[]
AB73Yk0T,Fuerte Aguilares,EL_SALVADOR_COPA_PRESIDENTE,https://static.flashscore.com/res/image/data/SGrslAAN-OjEBo8e1.png,https://www.flashscore.com/team/fuerte-aguilares/AB73Yk0T/,2026-02-26T13:19:47.037417+00:00,,,,[],[],[]
4vEaLK2C,Hercules,EL_SALVADOR_COPA_PRESIDENTE,https://static.flashscore.com/res/image/data/86bgQ0DN-KW848MM3.png,https://www.flashscore.com/team/hercules/4vEaLK2C/,2026-02-26T13:19:47.037417+00:00,,,,[],[],[]
dG3y6ucH,Fuerte San Francisco,EL_SALVADOR_COPA_PRESIDENTE,https://static.flashscore.com/res/image/data/z7qkbr96-ddMNjLqn.png,https://www.flashscore.com/team/aguila/dG3y6ucH/,2026-02-26T13:19:47.037417+00:00,,,,[],[],[]
KWPjPNr5,Aguila,EL_SALVADOR_COPA_PRESIDENTE,https://static.flashscore.com/res/image/data/E1sZq586-SnR4yA7q.png,https://www.flashscore.com/team/fuerte-san-francisco/KWPjPNr5/,2026-02-26T13:19:47.037417+00:00,,,,[],[],[]
tGguJnr6,Racing de Gualuca,EL_SALVADOR_COPA_PRESIDENTE,https://static.flashscore.com/res/image/data/ne0o03jC-KlOkL8Fh.png,https://www.flashscore.com/team/dragon/tGguJnr6/,2026-02-26T13:19:47.037417+00:00,,,,[],[],[]
IygC1lUF,Dragon,EL_SALVADOR_COPA_PRESIDENTE,https://static.flashscore.com/res/image/data/xUDIyrle-jcp3KKtd.png,https://www.flashscore.com/team/racing-de-gualuca/IygC1lUF/,2026-02-26T13:19:47.037417+00:00,,,,[],[],[]
fF7FZEzp,Mechal,ETHIOPIA_PREMIER_LEAGUE,https://static.flashscore.com/res/image/data/6ZAyiX9N-WC3abqwP.png,https://www.flashscore.com/team/mechal-sc/fF7FZEzp/,2026-02-26T13:19:47.037417+00:00,,,,[],[],[]
00ZuwKHc,Mekelle 70 Enderta,ETHIOPIA_PREMIER_LEAGUE,https://static.flashscore.com/res/image/data/YsNwkGR0-dSIrs0Z7.png,https://www.flashscore.com/team/mekelle-70-enderta-fc/00ZuwKHc/,2026-02-26T13:19:47.037417+00:00,,,,[],[],[]
2yAFxbj3,Negele Arsi Ketema,ETHIOPIA_PREMIER_LEAGUE,https://static.flashscore.com/res/image/data/YkwpmgBN-GnttaMUh.png,https://www.flashscore.com/team/ethiopia-bunna-ethiopian-coffee/2yAFxbj3/,2026-02-26T13:19:47.037417+00:00,,,,[],[],[]
Ig4eUKaT,Ethiopia Bunna,ETHIOPIA_PREMIER_LEAGUE,https://static.flashscore.com/res/image/data/C8esvNA6-Whw9InOt.png,https://www.flashscore.com/team/negele-arsi-ketema-fc/Ig4eUKaT/,2026-02-26T13:19:47.037417+00:00,,,,[],[],[]
px1qQF6N,Deportivo Mixco,GUATEMALA_LIGA_NACIONAL,https://static.flashscore.com/res/image/data/jJBnlLBN-l6md3xZM.png,https://www.flashscore.com/team/deportivo-mixco/px1qQF6N/,2026-02-26T13:19:47.037417+00:00,,,,[],[],[]
4v2o6i85,Mictlan,GUATEMALA_LIGA_NACIONAL,https://static.flashscore.com/res/image/data/dtAMN5me-dvLTMUVQ.png,https://www.flashscore.com/team/mictlan/4v2o6i85/,2026-02-26T13:19:47.037417+00:00,,,,[],[],[]
8E8r91EE,CI Kamsar,GUINEA_LIGUE_1,https://static.flashscore.com/res/image/data/KQdernme-Whw9InOt.png,https://www.flashscore.com/team/ashanti-gb-sag/8E8r91EE/,2026-02-26T13:19:47.037417+00:00,,,,[],[],[]
p4rwLmg0,Ashanti GB,GUINEA_LIGUE_1,https://static.flashscore.com/res/image/data/QZy0Jr8k-bX2Xu7G8.png,https://www.flashscore.com/team/ci-kamsar/p4rwLmg0/,2026-02-26T13:19:47.037417+00:00,,,,[],[],[]
GdxJccH5,Valur,ICELAND_LEAGUE_CUP,https://static.flashscore.com/res/image/data/ML7RLHoe-juoTB6Rh.png,https://www.flashscore.com/team/valur/GdxJccH5/,2026-02-26T13:19:47.037417+00:00,,,,[],[],[]
WU9JK0DR,Grindavik,ICELAND_LEAGUE_CUP,https://static.flashscore.com/res/image/data/YLJl3YiT-UakDSYpT.png,https://www.flashscore.com/team/ir-reykjavik/WU9JK0DR/,2026-02-26T13:19:47.037417+00:00,,,,[],[],[]
bmsNPY6c,Goa,INDIA___ISL,https://static.flashscore.com/res/image/data/lYu2huiC-jNHgJus6.png,https://www.flashscore.com/team/fc-goa/bmsNPY6c/,2026-02-26T13:19:47.037417+00:00,,,,[],[],[]
dpH3oK85,Borneo,INDONESIA_SUPER_LEAGUE,https://static.flashscore.com/res/image/data/xvzHySR0-SKnIGW8l.png,https://www.flashscore.com/team/arema-fc/dpH3oK85/,2026-02-26T13:19:47.037417+00:00,,,,[],[],[]
nwyOlpIL,Arema FC,INDONESIA_SUPER_LEAGUE,https://static.flashscore.com/res/image/data/vyHL05Pq-nm2W7Uxp.png,https://www.flashscore.com/team/borneo/nwyOlpIL/,2026-02-26T13:19:47.037417+00:00,,,,[],[],[]
6i1jCnP9,Persib Bandung,INDONESIA_SUPER_LEAGUE,https://static.flashscore.com/res/image/data/K0fBknlC-fXN2TGqm.png,https://www.flashscore.com/team/madura-united/6i1jCnP9/,2026-02-26T13:19:47.037417+00:00,,,,[],[],[]
KpBjbPK1,Madura United,INDONESIA_SUPER_LEAGUE,https://static.flashscore.com/res/image/data/lzhPY7Sq-llzIXtHf.png,https://www.flashscore.com/team/persib-bandung/KpBjbPK1/,2026-02-26T13:19:47.037417+00:00,,,,[],[],[]
IeUVbzhs,Persita,INDONESIA_SUPER_LEAGUE,https://static.flashscore.com/res/image/data/zZLAaUT0-Mw6HAN8i.png,https://www.flashscore.com/team/dewa-united/IeUVbzhs/,2026-02-26T13:19:47.037417+00:00,,,,[],[],[]
d0uFG5mk,Dewa United,INDONESIA_SUPER_LEAGUE,https://static.flashscore.com/res/image/data/GO1FYtUH-fJYKj2Xi.png,https://www.flashscore.com/team/persita/d0uFG5mk/,2026-02-26T13:19:47.037417+00:00,,,,[],[],[]
IVy1ZyxH,Gol Gohar,IRAN_PERSIAN_GULF_PRO_LEAGUE,https://static.flashscore.com/res/image/data/EZLL0rlC-C4xHnkgm.png,https://www.flashscore.com/team/tractor/IVy1ZyxH/,2026-02-26T13:19:47.037417+00:00,,,,[],[],[]
84r5OlNu,Al Zawraa,IRAQ_STARS_LEAGUE,https://static.flashscore.com/res/image/data/UsAjD35k-2g5GC7oP.png,https://www.flashscore.com/team/al-shorta/84r5OlNu/,2026-02-26T13:19:47.037417+00:00,,,,[],[],[]
WWdfLQyB,Al Shorta,IRAQ_STARS_LEAGUE,https://static.flashscore.com/res/image/data/MqYZZSlC-WnGqjgF8.png,https://www.flashscore.com/team/al-zawraa/WWdfLQyB/,2026-02-26T13:19:47.037417+00:00,,,,[],[],[]
6ijwNYFs,Zakho,IRAQ_STARS_LEAGUE,https://static.flashscore.com/res/image/data/CSbc7fkC-tWncHhCl.png,https://www.flashscore.com/team/al-gharraf/6ijwNYFs/,2026-02-26T13:19:47.037417+00:00,,,,[],[],[]
YBFbLqQ4,Al Gharraf,IRAQ_STARS_LEAGUE,https://static.flashscore.com/res/image/data/UqHkoiU0-MRa15xx7.png,https://www.flashscore.com/team/zakho/YBFbLqQ4/,2026-02-26T13:19:47.037417+00:00,,,,[],[],[]
pQNExaHR,M. Kiryat Ata-Bialik,ISRAEL_LIGA_ALEF_NORTH,https://static.flashscore.com/res/image/data/4UP82GT0-80mFJoEm.png,https://www.flashscore.com/team/hapoel-umm-al-fahm/pQNExaHR/,2026-02-26T13:19:47.037417+00:00,,,,[],[],[]
YsuW1tSO,Hapoel Umm al-Fahm,ISRAEL_LIGA_ALEF_NORTH,https://static.flashscore.com/res/image/data/SzRhR0UH-hGL449YS.png,https://www.flashscore.com/team/maccabi-kiryat-ata-bialik/YsuW1tSO/,2026-02-26T13:19:47.037417+00:00,,,,[],[],[]
p2R286ri,Beit Shean,ISRAEL_LIGA_ALEF_NORTH,https://static.flashscore.com/res/image/data/roAzmJmC-fLTNgqf2.png,https://www.flashscore.com/team/beit-shean/p2R286ri/,2026-02-26T13:19:47.037417+00:00,,,,[],[],[]
nybNr5zs,MS Tira,ISRAEL_LIGA_ALEF_NORTH,https://static.flashscore.com/res/image/data/t4QiK1T0-U3VIKCSa.png,https://www.flashscore.com/team/ms-tira/nybNr5zs/,2026-02-26T13:19:47.037417+00:00,,,,[],[],[]
6Db80fop,Hapoel Azor,ISRAEL_LIGA_ALEF_SOUTH,https://static.flashscore.com/res/image/data/Em5airXH-A5uIW8Yd.png,https://www.flashscore.com/team/beitar-nordia-jerusalem/6Db80fop/,2026-02-26T13:19:47.037417+00:00,,,,[],[],[]
hSctDSEa,Nordia Jerusalem,ISRAEL_LIGA_ALEF_SOUTH,https://static.flashscore.com/res/image/data/WESwhL76-Q3ltPkOI.png,https://www.flashscore.com/team/hapoel-azor/hSctDSEa/,2026-02-26T13:19:47.037417+00:00,,,,[],[],[]
tv2KcqX8,Shimshon Tel Aviv,ISRAEL_LIGA_ALEF_SOUTH,https://static.flashscore.com/res/image/data/nmYXzT6k-vRrbBFZE.png,https://www.flashscore.com/team/ramat-hasharon/tv2KcqX8/,2026-02-26T13:19:47.037417+00:00,,,,[],[],[]
QNIKZx6d,Ramat Hasharon,ISRAEL_LIGA_ALEF_SOUTH,https://static.flashscore.com/res/image/data/4I9L9MiT-KzDWWehh.png,https://www.flashscore.com/team/shimshon-tel-aviv/QNIKZx6d/,2026-02-26T13:19:47.037417+00:00,,,,[],[],[]
j9mK0B3Q,Al Buqaa,JORDAN_PREMIER_LEAGUE,https://static.flashscore.com/res/image/data/jcDwiYCN-SUoVDTGC.png,https://www.flashscore.com/team/al-hussein/j9mK0B3Q/,2026-02-26T13:19:47.037417+00:00,,,,[],[],[]
bHIHtuAP,Al Wehdat,JORDAN_PREMIER_LEAGUE,https://static.flashscore.com/res/image/data/hnLvIIRq-hWTOO0Lo.png,https://www.flashscore.com/team/al-salt/bHIHtuAP/,2026-02-26T13:19:47.037417+00:00,,,,[],[],[]
dGsh4eOj,Al Salt,JORDAN_PREMIER_LEAGUE,https://static.flashscore.com/res/image/data/ID7agyUH-8WZfae8O.png,https://www.flashscore.com/team/al-wehdat/dGsh4eOj/,2026-02-26T13:19:47.037417+00:00,,,,[],[],[]
U36idyL0,Al Hilal Benghazi,LIBYA_PREMIER_LEAGUE,https://static.flashscore.com/res/image/data/QLThR1WH-8IzCPxmc.png,https://www.flashscore.com/team/al-ahly-benghazi/U36idyL0/,2026-02-26T13:19:47.037417+00:00,,,,[],[],[]
pC8f0aG3,Al Ahly Benghazi,LIBYA_PREMIER_LEAGUE,https://static.flashscore.com/res/image/data/OIstmagT-QHFBrDj7.png,https://www.flashscore.com/team/al-hilal-benghazi/pC8f0aG3/,2026-02-26T13:19:47.037417+00:00,,,,[],[],[]
C4WZPen7,Al Taawun,LIBYA_PREMIER_LEAGUE,https://static.flashscore.com/res/image/data/Akrz1Ime-4CQGUUNF.png,https://www.flashscore.com/team/al-taawun/C4WZPen7/,2026-02-26T13:19:47.037417+00:00,,,,[],[],[]
O86tie4p,Darnes,LIBYA_PREMIER_LEAGUE,https://static.flashscore.com/res/image/data/xdEFem86-zk4aE9AK.png,https://www.flashscore.com/team/darnes/O86tie4p/,2026-02-26T13:19:47.037417+00:00,,,,[],[],[]
bDKkAiK5,Al Qadisiyah,LIBYA_PREMIER_LEAGUE,https://static.flashscore.com/res/image/data/p661rc96-ptkKeoZ4.png,https://www.flashscore.com/team/abu-salim/bDKkAiK5/,2026-02-26T13:19:47.037417+00:00,,,,[],[],[]
OOYijqVT,Al Watan,LIBYA_PREMIER_LEAGUE,https://static.flashscore.com/res/image/data/ShnyH3ne-UT6BVMsQ.png,https://www.flashscore.com/team/al-malaab-el-libby/OOYijqVT/,2026-02-26T13:19:47.037417+00:00,,,,[],[],[]
2BDwY7xI,Al Malaab El Libby,LIBYA_PREMIER_LEAGUE,https://static.flashscore.com/res/image/data/vyfhD07k-bDC4nYhM.png,https://www.flashscore.com/team/al-watan/2BDwY7xI/,2026-02-26T13:19:47.037417+00:00,,,,[],[],[]
rBsII9Vm,Al-Khmes,LIBYA_PREMIER_LEAGUE,https://static.flashscore.com/res/image/data/MTCtMh8k-vaADpjaO.png,https://www.flashscore.com/team/al-khmes/rBsII9Vm/,2026-02-26T13:19:47.037417+00:00,,,,[],[],[]
Iw5jr76r,Asswehly,LIBYA_PREMIER_LEAGUE,https://static.flashscore.com/res/image/data/joTwKCCN-4CQGUUNF.png,https://www.flashscore.com/team/asswehly/Iw5jr76r/,2026-02-26T13:19:47.037417+00:00,,,,[],[],[]
WMH49yBg,Petite Riviere,MAURITIUS_SUPER_LEAGUE,https://static.flashscore.com/res/image/data/fuHJN97k-ruXSDOxC.png,https://www.flashscore.com/team/pamplemousses/WMH49yBg/,2026-02-26T13:19:47.037417+00:00,,,,[],[],[]
t2bLCZt9,Pamplemousses,MAURITIUS_SUPER_LEAGUE,https://static.flashscore.com/res/image/data/UahiL1T0-4lYOE4N5.png,https://www.flashscore.com/team/petite-riviere/t2bLCZt9/,2026-02-26T13:19:47.037417+00:00,,,,[],[],[]
KnWu1GSM,Diriangen,NICARAGUA_LIGA_PRIMERA,https://static.flashscore.com/res/image/data/v3USc5A6-MJ13UMKt.png,https://www.flashscore.com/team/diriangen/KnWu1GSM/,2026-02-26T13:19:47.037417+00:00,,,,[],[],[]
hpQcABS8,Rancho Santana,NICARAGUA_LIGA_PRIMERA,https://static.flashscore.com/res/image/data/MXKgkcQq-r5pgwOE3.png,https://www.flashscore.com/team/rancho-santana/hpQcABS8/,2026-02-26T13:19:47.037417+00:00,,,,[],[],[]
lKkY6nIp,Sint Maarten U20,NORTH_CENTRAL_AMERICA_CONCACAF_CHAMPIONSHIP_U20,https://static.flashscore.com/res/image/data/ADl1QM5k-j9K3lsld.png,https://www.flashscore.com/team/costa-rica/lKkY6nIp/,2026-02-26T13:19:47.037417+00:00,,,,[],[],[]
4UFbNsVc,Costa Rica U20,NORTH_CENTRAL_AMERICA_CONCACAF_CHAMPIONSHIP_U20,https://static.flashscore.com/res/image/data/88yztZjT-A1ZCuWMd.png,https://www.flashscore.com/team/sint-maarten/4UFbNsVc/,2026-02-26T13:19:47.037417+00:00,,,,[],[],[]
IZLNqGaR,Anguilla U20,NORTH_CENTRAL_AMERICA_CONCACAF_CHAMPIONSHIP_U20,https://static.flashscore.com/res/image/data/Cz3i29me-QmtxLrsA.png,https://www.flashscore.com/team/anguilla/IZLNqGaR/,2026-02-26T13:19:47.037417+00:00,,,,[],[],[]
WtmlJpml,Haiti U20,NORTH_CENTRAL_AMERICA_CONCACAF_CHAMPIONSHIP_U20,https://static.flashscore.com/res/image/data/tlVWpDS0-bgIcTOwA.png,https://www.flashscore.com/team/haiti/WtmlJpml/,2026-02-26T13:19:47.037417+00:00,,,,[],[],[]
EeOyT23G,United States Virgin Islands U20,NORTH_CENTRAL_AMERICA_CONCACAF_CHAMPIONSHIP_U20,https://static.flashscore.com/res/image/data/xEpnRX5k-Y9yfNGDc.png,https://www.flashscore.com/team/canada/EeOyT23G/,2026-02-26T13:19:47.037417+00:00,,,,[],[],[]
Who2GPu3,Canada U20,NORTH_CENTRAL_AMERICA_CONCACAF_CHAMPIONSHIP_U20,https://static.flashscore.com/res/image/data/fehYFcVH-MJJjcDoi.png,https://www.flashscore.com/team/united-states-virgin-islands/Who2GPu3/,2026-02-26T13:19:47.037417+00:00,,,,[],[],[]
pjsQ54Cc,Dhofar,OMAN_PROFESSIONAL_LEAGUE,https://static.flashscore.com/res/image/data/2kfyLKT0-QidGtpJG.png,https://www.flashscore.com/team/dhofar/pjsQ54Cc/,2026-02-26T13:19:47.037417+00:00,,,,[],[],[]
nPxbG6zt,Oman Club,OMAN_PROFESSIONAL_LEAGUE,https://static.flashscore.com/res/image/data/nZJOSnPq-QTo3Gsm1.png,https://www.flashscore.com/team/oman-club/nPxbG6zt/,2026-02-26T13:19:47.037417+00:00,,,,[],[],[]
44u3vKp4,Rubio Nu,PARAGUAY_COPA_DE_PRIMERA,https://static.flashscore.com/res/image/data/8CtJPBRq-naCm8i0g.png,https://www.flashscore.com/team/rubio-nu/44u3vKp4/,2026-02-26T13:19:47.037417+00:00,,,,[],[],[]
Awvfjn49,San Lorenzo,PARAGUAY_COPA_DE_PRIMERA,https://static.flashscore.com/res/image/data/UkkDCRPq-jwW2wgsf.png,https://www.flashscore.com/team/san-lorenzo/Awvfjn49/,2026-02-26T13:19:47.037417+00:00,,,,[],[],[]
WYZnRzI1,Al-Duhail,QATAR_QSL,https://static.flashscore.com/res/image/data/4QPamB76-CniMfo1o.png,https://www.flashscore.com/team/al-duhail/WYZnRzI1/,2026-02-26T13:19:47.037417+00:00,,,,[],[],[]
AkENgqwB,Al-Sadd,QATAR_QSL,https://static.flashscore.com/res/image/data/6wz76yhT-EsInupY1.png,https://www.flashscore.com/team/al-sadd/AkENgqwB/,2026-02-26T13:19:47.037417+00:00,,,,[],[],[]
SQrTeoKd,Al-Gharafa,QATAR_QSL,https://static.flashscore.com/res/image/data/CSqp5VPq-hA8wSyki.png,https://www.flashscore.com/team/al-gharafa/SQrTeoKd/,2026-02-26T13:19:47.037417+00:00,,,,[],[],[]
SWo1QmYO,Al Rayyan,QATAR_QSL,https://static.flashscore.com/res/image/data/W0eNPrlC-2Rnzhxb3.png,https://www.flashscore.com/team/al-rayyan/SWo1QmYO/,2026-02-26T13:19:47.037417+00:00,,,,[],[],[]
UBkj02Q9,CSM Slatina,ROMANIA_LIGA_2,https://static.flashscore.com/res/image/data/QatUNZT0-Q1FBtHMl.png,https://www.flashscore.com/team/steaua-bucuresti/UBkj02Q9/,2026-02-26T13:19:47.037417+00:00,,,,[],[],[]
OIDqIbjd,Al Fateh,SAUDI_ARABIA_SAUDI_PROFESSIONAL_LEAGUE,https://static.flashscore.com/res/image/data/t6XzCy7k-ll4pyUYI.png,https://www.flashscore.com/team/al-fateh/OIDqIbjd/,2026-02-26T13:19:47.037417+00:00,,,,[],[],[]
0MHmoCY0,Al Riyadh,SAUDI_ARABIA_SAUDI_PROFESSIONAL_LEAGUE,https://static.flashscore.com/res/image/data/zw6o9aAN-0tD8wfLu.png,https://www.flashscore.com/team/al-ahli-sc/0MHmoCY0/,2026-02-26T13:19:47.037417+00:00,,,,[],[],[]
l6Iu2w06,Al Ahli SC,SAUDI_ARABIA_SAUDI_PROFESSIONAL_LEAGUE,https://static.flashscore.com/res/image/data/YFt73dQq-tjD2oGGi.png,https://www.flashscore.com/team/al-riyadh/l6Iu2w06/,2026-02-26T13:19:47.037417+00:00,,,,[],[],[]
vBqEk5c4,Real Maldives,SEYCHELLES_PREMIER_LEAGUE,https://static.flashscore.com/res/image/data/lOtRm7oe-6e7UEwBm.png,https://www.flashscore.com/team/st-michel-united/vBqEk5c4/,2026-02-26T13:19:47.037417+00:00,,,,[],[],[]
rq101FoU,Namungo,TANZANIA_LIGI_KUU_BARA,https://static.flashscore.com/res/image/data/jaqvLThT-xvhpN1dm.png,https://www.flashscore.com/team/namungo/rq101FoU/,2026-02-26T13:19:47.037417+00:00,,,,[],[],[]
jTBgEvMq,Singida Black Stars,TANZANIA_LIGI_KUU_BARA,https://static.flashscore.com/res/image/data/hYnicvlC-bFuPDM8N.png,https://www.flashscore.com/team/singida-black-stars/jTBgEvMq/,2026-02-26T13:19:47.037417+00:00,,,,[],[],[]
WUREBBlh,Al Jazira,UNITED_ARAB_EMIRATES_UAE_LEAGUE,https://static.flashscore.com/res/image/data/6sERlTkC-lWIXXvLm.png,https://www.flashscore.com/team/al-jazira/WUREBBlh/,2026-02-26T13:19:47.037417+00:00,,,,[],[],[]
YqFkJ2t6,Al Sharjah,UNITED_ARAB_EMIRATES_UAE_LEAGUE,https://static.flashscore.com/res/image/data/jNXncXne-Ma5gfLsn.png,https://www.flashscore.com/team/al-sharjah/YqFkJ2t6/,2026-02-26T13:19:47.037417+00:00,,,,[],[],[]
WnyRy5t6,Ittihad Kalba,UNITED_ARAB_EMIRATES_UAE_LEAGUE,https://static.flashscore.com/res/image/data/txA7rMAN-lUHDtcYu.png,https://www.flashscore.com/team/al-dhafra/WnyRy5t6/,2026-02-26T13:19:47.037417+00:00,,,,[],[],[]
CxR74upk,Al Dhafra,UNITED_ARAB_EMIRATES_UAE_LEAGUE,https://static.flashscore.com/res/image/data/noRag9jC-Uy7I7TU5.png,https://www.flashscore.com/team/ittihad-kalba/CxR74upk/,2026-02-26T13:19:47.037417+00:00,,,,[],[],[]
6JKdE4o3,Al Arabi,UNITED_ARAB_EMIRATES_DIVISION_1,https://static.flashscore.com/res/image/data/h6rItbSq-ERBvby7K.png,https://www.flashscore.com/team/al-arabi-uae/6JKdE4o3/,2026-02-26T13:19:47.037417+00:00,,,,[],[],[]
SAlALi3d,Al Urooba,UNITED_ARAB_EMIRATES_DIVISION_1,https://static.flashscore.com/res/image/data/fqhWoeWH-2JG9UkI7.png,https://www.flashscore.com/team/al-ittifaq/SAlALi3d/,2026-02-26T13:19:47.037417+00:00,,,,[],[],[]
A792j1gd,Al-Ittifaq,UNITED_ARAB_EMIRATES_DIVISION_1,https://static.flashscore.com/res/image/data/tb7pARme-Szeykuud.png,https://www.flashscore.com/team/al-urooba/A792j1gd/,2026-02-26T13:19:47.037417+00:00,,,,[],[],[]
b1keFgcs,Dibba Al Hisn,UNITED_ARAB_EMIRATES_DIVISION_1,https://static.flashscore.com/res/image/data/UVgA8NhT-OSNa5roI.png,https://www.flashscore.com/team/al-fujairah/b1keFgcs/,2026-02-26T13:19:47.037417+00:00,,,,[],[],[]
tvrpfLrG,Al Fujairah,UNITED_ARAB_EMIRATES_DIVISION_1,https://static.flashscore.com/res/image/data/UaNLIZkC-GOsncUhM.png,https://www.flashscore.com/team/dibba-al-hisn/tvrpfLrG/,2026-02-26T13:19:47.037417+00:00,,,,[],[],[]
CMjaisvj,Emirates Club,UNITED_ARAB_EMIRATES_DIVISION_1,https://static.flashscore.com/res/image/data/OSQArk96-MHQFRCXq.png,https://www.flashscore.com/team/al-jazira-hamra/CMjaisvj/,2026-02-26T13:19:47.037417+00:00,,,,[],[],[]
p4rvWiWp,Al Jazira Hamra,UNITED_ARAB_EMIRATES_DIVISION_1,https://static.flashscore.com/res/image/data/dI3BMVkC-riRr7RbM.png,https://www.flashscore.com/team/emirates-club/p4rvWiWp/,2026-02-26T13:19:47.037417+00:00,,,,[],[],[]
0I76gFiS,Gulf United,UNITED_ARAB_EMIRATES_DIVISION_1,https://static.flashscore.com/res/image/data/zqchoET0-jNN4J2US.png,https://www.flashscore.com/team/dubai-city/0I76gFiS/,2026-02-26T13:19:47.037417+00:00,,,,[],[],[]
ncKaA39S,Dubai City,UNITED_ARAB_EMIRATES_DIVISION_1,https://static.flashscore.com/res/image/data/QXLULS86-8n4j8mYd.png,https://www.flashscore.com/team/gulf-united/ncKaA39S/,2026-02-26T13:19:47.037417+00:00,,,,[],[],[]
Uc1fhNOq,Masfut,UNITED_ARAB_EMIRATES_DIVISION_1,https://static.flashscore.com/res/image/data/Mo2aibgT-MampxkWj.png,https://www.flashscore.com/team/al-thaid/Uc1fhNOq/,2026-02-26T13:19:47.037417+00:00,,,,[],[],[]
dWqPk8zo,United FC,UNITED_ARAB_EMIRATES_DIVISION_1,https://static.flashscore.com/res/image/data/CbLIldS0-fcsIsfw8.png,https://www.flashscore.com/team/majd-fc/dWqPk8zo/,2026-02-26T13:19:47.037417+00:00,,,,[],[],[]
6s1W4sXk,Majd FC,UNITED_ARAB_EMIRATES_DIVISION_1,https://static.flashscore.com/res/image/data/pQM5ze7k-bB3JWG4B.png,https://www.flashscore.com/team/united-fc/6s1W4sXk/,2026-02-26T13:19:47.037417+00:00,,,,[],[],[]
6qxvQaHM,Ajman U23,UNITED_ARAB_EMIRATES_PRO_LEAGUE_U23,https://static.flashscore.com/res/image/data/naYSBf7k-f9D64eyr.png,https://www.flashscore.com/team/ajman/6qxvQaHM/,2026-02-26T13:19:47.037417+00:00,,,,[],[],[]
OjZtEARk,Al Wahda U23,UNITED_ARAB_EMIRATES_PRO_LEAGUE_U23,https://static.flashscore.com/res/image/data/Kbi88G8k-OMnZqwqr.png,https://www.flashscore.com/team/al-wahda/OjZtEARk/,2026-02-26T13:19:47.037417+00:00,,,,[],[],[]
vJcAJW3S,Shabab Al-Ahli Dubai U23,UNITED_ARAB_EMIRATES_PRO_LEAGUE_U23,https://static.flashscore.com/res/image/data/UsKNeXUH-jaqOKQRK.png,https://www.flashscore.com/team/al-wasl/vJcAJW3S/,2026-02-26T13:19:47.037417+00:00,,,,[],[],[]
lYOel3QG,Al Wasl U23,UNITED_ARAB_EMIRATES_PRO_LEAGUE_U23,https://static.flashscore.com/res/image/data/IVYyVB96-2ZjAOGbE.png,https://www.flashscore.com/team/shabab-al-ahli-dubai/lYOel3QG/,2026-02-26T13:19:47.037417+00:00,,,,[],[],[]
4Eh6r9et,North Macedonia U18,WORLD_FRIENDLY_INTERNATIONAL,https://static.flashscore.com/res/image/data/6sJsit86-IqC9Kd5M.png,https://www.flashscore.com/team/bulgaria/4Eh6r9et/,2026-02-26T13:19:47.037417+00:00,,,,[],[],[]
nkVwxv5O,Bulgaria U19,WORLD_FRIENDLY_INTERNATIONAL,https://static.flashscore.com/res/image/data/b7N3J0UH-p8cOXAXu.png,https://www.flashscore.com/team/north-macedonia/nkVwxv5O/,2026-02-26T13:19:47.037417+00:00,,,,[],[],[]
S83wvSZa,Georgia U17,WORLD_FRIENDLY_INTERNATIONAL,https://static.flashscore.com/res/image/data/6i1ocvXH-KrkUCdS2.png,https://www.flashscore.com/team/georgia/S83wvSZa/,2026-02-26T13:19:47.037417+00:00,,,,[],[],[]
nBoioAsQ,North Macedonia U17,WORLD_FRIENDLY_INTERNATIONAL,https://static.flashscore.com/res/image/data/EVZXeRne-MD60eZIB.png,https://www.flashscore.com/team/north-macedonia/nBoioAsQ/,2026-02-26T13:19:47.037417+00:00,,,,[],[],[]
IXyr4UxA,Sandefjord (Nor),WORLD_CLUB_FRIENDLY,https://static.flashscore.com/res/image/data/nNrTThQq-KdS5ytp9.png,https://www.flashscore.com/team/sandefjord/IXyr4UxA/,2026-02-26T13:19:47.037417+00:00,,,,[],[],[]
CbXNfZvn,Stabaek (Nor),WORLD_CLUB_FRIENDLY,https://static.flashscore.com/res/image/data/Aqn1UYTH-A1TIJ1Y1.png,https://www.flashscore.com/team/stabaek/CbXNfZvn/,2026-02-26T13:19:47.037417+00:00,,,,[],[],[]
bJZUbRjF,Asane (Nor),WORLD_CLUB_FRIENDLY,https://static.flashscore.com/res/image/data/fT9AzYA6-8GFqX8UN.png,https://www.flashscore.com/team/asane/bJZUbRjF/,2026-02-26T13:19:47.037417+00:00,,,,[],[],[]
CYdDI8u0,Bjarg (Nor),WORLD_CLUB_FRIENDLY,https://static.flashscore.com/res/image/data/ptkXkhDN-pAYAnvkb.png,https://www.flashscore.com/team/bjarg/CYdDI8u0/,2026-02-26T13:19:47.037417+00:00,,,,[],[],[]
655zEcZJ,A. Lustenau (Aut),WORLD_CLUB_FRIENDLY,https://static.flashscore.com/res/image/data/n9l6yiS0-pvWT1yik.png,https://www.flashscore.com/team/a-lustenau/655zEcZJ/,2026-02-26T13:19:47.037417+00:00,,,,[],[],[]
n1WXRNmJ,Hohenems (Aut),WORLD_CLUB_FRIENDLY,https://static.flashscore.com/res/image/data/8tPdjG7k-jZoJmrsU.png,https://www.flashscore.com/team/hohenems/n1WXRNmJ/,2026-02-26T13:19:47.037417+00:00,,,,[],[],[]
vLIxHQRc,Vratimov (Cze),WORLD_CLUB_FRIENDLY,https://static.flashscore.com/res/image/data/lvVq3iiT-48IgfZuC.png,https://www.flashscore.com/team/vratimov-fc/vLIxHQRc/,2026-02-26T13:19:47.037417+00:00,,,,[],[],[]
rwEtnyp8,OKS Odense (Den),WORLD_CLUB_FRIENDLY,https://static.flashscore.com/res/image/data/UaLWknWH-2Pq2FFmI.png,https://www.flashscore.com/team/odder/rwEtnyp8/,2026-02-26T13:19:47.037417+00:00,,,,[],[],[]
CYM0gAER,Odder (Den),WORLD_CLUB_FRIENDLY,https://static.flashscore.com/res/image/data/WtdA5hme-Kfw0PdxU.png,https://www.flashscore.com/team/oks-odense/CYM0gAER/,2026-02-26T13:19:47.037417+00:00,,,,[],[],[]
p0B3lJB2,Bahrain W,WORLD_FRIENDLY_INTERNATIONAL_WOMEN,https://static.flashscore.com/res/image/data/ncleZNhT-0EYShBaD.png,https://www.flashscore.com/team/bahrain/p0B3lJB2/,2026-02-26T13:19:47.037417+00:00,,,,[],[],[]
GCFGgmS2,Konkola,ZAMBIA_SUPER_LEAGUE,https://static.flashscore.com/res/image/data/2L4zOn86-SbaxytMH.png,https://www.flashscore.com/team/konkola-blades/GCFGgmS2/,2026-02-26T13:19:47.037417+00:00,,,,[],[],[]
0f5FgmUG,ZESCO,ZAMBIA_SUPER_LEAGUE,https://static.flashscore.com/res/image/data/IBYQrmQq-6ZHklX47.png,https://www.flashscore.com/team/zesco/0f5FgmUG/,2026-02-26T13:19:47.037417+00:00,,,,[],[],[]
KlN00gNJ,Red Arrows,ZAMBIA_SUPER_LEAGUE,https://static.flashscore.com/res/image/data/jq5bTh86-6ZHklX47.png,https://www.flashscore.com/team/power-dynamos/KlN00gNJ/,2026-02-26T13:19:47.037417+00:00,,,,[],[],[]
40edj3GC,Power Dynamos,ZAMBIA_SUPER_LEAGUE,https://static.flashscore.com/res/image/data/nByKz2Rq-2ow8Z1Pr.png,https://www.flashscore.com/team/red-arrows/40edj3GC/,2026-02-26T13:19:47.037417+00:00,,,,[],[],[]
ncRzHK14,Fudbalski klub Crvena zvezda,EUROPE_EUROPA_LEAGUE,https://static.flashscore.com/res/image/data/SCYnmQR0-4OAEfiPE.png,https://www.flashscore.com/team/crvena-zvezda/ncRzHK14/,2026-02-26T13:20:39.773413+00:00,RS,Belgrade,Rajko Mitić Stadium,"['Red Star Belgrade', 'FK Crvena zvezda', 'Red Star']","['RSB', 'CZ']","['red star belgrade', 'fudbalski klub crvena zvezda', 'red star', 'rsb', 'fk crvena zvezda', 'cz', 'crvena zvezda']"
pfDZL71o,Lille Olympique Sporting Club,EUROPE_EUROPA_LEAGUE,https://static.flashscore.com/res/image/data/Q34pXImC-UDticXKP.png,https://www.flashscore.com/team/lille/pfDZL71o/,2026-02-26T13:20:39.773413+00:00,FR,Lille,Decathlon Arena – Stade Pierre-Mauroy,"['Lille OSC', 'LOSC Lille', 'LOSC']",['LOSC'],"['lille olympique sporting club', 'losc lille', 'lille', 'losc', 'lille osc']"
GrLjfV3M,PFC Ludogorets 1945 Razgrad,EUROPE_EUROPA_LEAGUE,https://static.flashscore.com/res/image/data/KG84D6Rq-Kjkd1Ayp.png,https://www.flashscore.com/team/ludogorets/GrLjfV3M/,2026-02-26T13:21:36.861377+00:00,BG,Razgrad,Huvepharma Arena,"['Ludogorets Razgrad', 'The Eagles']",['Ludogorets'],"['ludogorets razgrad', 'pfc ludogorets 1945 razgrad', 'the eagles', 'ludogorets']"
Unknown,Unknown,,,,2026-02-26T13:25:37.358914+00:00,unknown,unknown,,[],[],['unknown']
2LA0e86b,Panathinaikos Football Club,EUROPE_EUROPA_LEAGUE,https://static.flashscore.com/res/image/data/jTnDg1CN-GM4Cu0wi.png,https://www.flashscore.com/team/plzen/2LA0e86b/,2026-02-26T13:22:24.689449+00:00,GR,Athens,Apostolos Nikolaidis Stadium,"['Panathinaikos', 'The Greens', 'Trifylli']",['PAO'],"['trifylli', 'panathinaikos football club', 'panathinaikos', 'the greens', 'pao']"
Kry6HxA9,Panthessalonikios Athlitikos Omilos Konstantinoupoliton,EUROPE_EUROPA_LEAGUE,https://static.flashscore.com/res/image/data/StctWES0-pvWT1yik.png,https://www.flashscore.com/team/paok/Kry6HxA9/,2026-02-26T13:24:48.633482+00:00,GR,Thessaloniki,Toumba Stadium,"['PAOK FC', 'Dikefalos tou Vorra', 'The Double-Headed Eagle of the North', 'The Black and Whites']",['PAOK'],"['the doubleheaded eagle of the north', 'panthessalonikios athlitikos omilos konstantinoupoliton', 'dikefalos tou vorra', 'the black and whites', 'paok', 'paok fc']"
nJQmYp1B,The Celtic Football Club,EUROPE_EUROPA_LEAGUE,https://static.flashscore.com/res/image/data/boc068VH-Y1XXO0Va.png,https://www.flashscore.com/team/vfb-stuttgart/nJQmYp1B/,2026-02-26T13:23:13.800241+00:00,GB,Glasgow,Celtic Park,"['Celtic F.C.', 'The Bhoys', 'The Hoops', 'The Celts']",['CFC'],"['the bhoys', 'the hoops', 'the celtic football club', 'celtic', 'celtic fc', 'cfc', 'the celts']"
QBbt6ivB,Sportsklubben Brann,EUROPE_EUROPA_LEAGUE,https://static.flashscore.com/res/image/data/nN0xKnjC-WtiGCgXQ.png,https://www.flashscore.com/team/brann/QBbt6ivB/,2026-02-26T13:24:01.687128+00:00,NO,Bergen,Brann Stadion,"['SK Brann', 'The Red Shirts']",['SKB'],"['the red shirts', 'brann', 'sk brann', 'skb', 'sportsklubben brann']"
r3jWUIiN,Građanski nogometni klub Dinamo Zagreb,EUROPE_EUROPA_LEAGUE,https://static.flashscore.com/res/image/data/61ZybnhT-GU4hlIMk.png,https://www.flashscore.com/team/genk/r3jWUIiN/,2026-02-26T13:25:35.246269+00:00,HR,Zagreb,Stadion Maksimir,"['GNK Dinamo Zagreb', 'Dinamo Zagreb', 'Dinamo']","['Dinamo', 'GNK Dinamo']","['dinamo zagreb', 'gnk dinamo zagreb', 'graanski nogometni klub dinamo zagreb', 'dinamo', 'gnk dinamo', 'din zagreb']"
zXKuUR5J,Omonia,EUROPE_CONFERENCE_LEAGUE,https://static.flashscore.com/res/image/data/63i3lcSq-8GeT5Kmk.png,https://www.flashscore.com/team/rijeka/zXKuUR5J/,2026-02-26T13:19:47.037417+00:00,,,,[],[],[]
xd3lGq3F,Huracan,ARGENTINA_LIGA_PROFESIONAL,https://static.flashscore.com/res/image/data/2mxEfn7k-xxyFAG42.png,https://www.flashscore.com/team/huracan/xd3lGq3F/,2026-02-26T13:19:47.037417+00:00,,,,[],[],[]
xW7xjZkH,Sampaio Correa FE,BRAZIL_CARIOCA,https://static.flashscore.com/res/image/data/buiFKmne-tvqUnSEr.png,https://www.flashscore.com/team/marica/xW7xjZkH/,2026-02-26T13:19:47.037417+00:00,,,,[],[],[]
vZKd15Gk,Corinthians U20,BRAZIL_BRASILEIRO_U20,https://static.flashscore.com/res/image/data/zsznhmle-8Q62aX7N.png,https://www.flashscore.com/team/corinthians/vZKd15Gk/,2026-02-26T13:19:47.037417+00:00,,,,[],[],[]
vwMX58dg,Tourbillon,CHAD_PREMIERE_DIVISION,https://static.flashscore.com/res/image/data/4dOf5TjC-vsi6RFYf.png,https://www.flashscore.com/team/emat/vwMX58dg/,2026-02-26T13:19:47.037417+00:00,,,,[],[],[]
vyVAI1p5,Emat,CHAD_PREMIERE_DIVISION,https://static.flashscore.com/res/image/data/8CmLv3T0-juDYAHlS.png,https://www.flashscore.com/team/tourbillon/vyVAI1p5/,2026-02-26T13:19:47.037417+00:00,,,,[],[],[]
xdbeAoUn,Cofutpa,COSTA_RICA_LIGA_DE_ASCENSO,https://static.flashscore.com/res/image/data/tCKMdST0-4htwed19.png,https://www.flashscore.com/team/cofutpa/xdbeAoUn/,2026-02-26T13:19:47.037417+00:00,,,,[],[],[]
xpble5Xc,Quepos Cambute,COSTA_RICA_LIGA_DE_ASCENSO,https://static.flashscore.com/res/image/data/draeBjT0-GbEpwlpG.png,https://www.flashscore.com/team/quepos-cambute/xpble5Xc/,2026-02-26T13:19:47.037417+00:00,,,,[],[],[]
zgqsIZWO,Akranes,ICELAND_LEAGUE_CUP,https://static.flashscore.com/res/image/data/8CTyl3Sq-4hhcealo.png,https://www.flashscore.com/team/akranes/zgqsIZWO/,2026-02-26T13:19:47.037417+00:00,,,,[],[],[]
zi44AFXa,IR Reykjavik,ICELAND_LEAGUE_CUP,https://static.flashscore.com/res/image/data/pnvAxY6k-KCfEng8m.png,https://www.flashscore.com/team/grindavik/zi44AFXa/,2026-02-26T13:19:47.037417+00:00,,,,[],[],[]
zafT17en,SC Delhi,INDIA___ISL,https://static.flashscore.com/res/image/data/tOh9zrle-xGXBrm20.png,https://www.flashscore.com/team/sc-delhi/zafT17en/,2026-02-26T13:19:47.037417+00:00,,,,[],[],[]
vi9YQ6UT,Tractor,IRAN_PERSIAN_GULF_PRO_LEAGUE,https://static.flashscore.com/res/image/data/E1GAXuRq-YLLRGqLF.png,https://www.flashscore.com/team/gol-gohar/vi9YQ6UT/,2026-02-26T13:19:47.037417+00:00,,,,[],[],[]
vsbYw1n7,Al Hussein,JORDAN_PREMIER_LEAGUE,https://static.flashscore.com/res/image/data/KKhF64T0-WnrX0gmJ.png,https://www.flashscore.com/team/al-buqaa/vsbYw1n7/,2026-02-26T13:19:47.037417+00:00,,,,[],[],[]
vaDiTwlJ,Abu Salim,LIBYA_PREMIER_LEAGUE,https://static.flashscore.com/res/image/data/MmwXGZne-4YRfenCj.png,https://www.flashscore.com/team/al-qadisiyah/vaDiTwlJ/,2026-02-26T13:19:47.037417+00:00,,,,[],[],[]
zZmg81mq,Trinidad & Tobago U20,NORTH_CENTRAL_AMERICA_CONCACAF_CHAMPIONSHIP_U20,https://static.flashscore.com/res/image/data/WWMIP7iT-xI27zNII.png,https://www.flashscore.com/team/barbados/zZmg81mq/,2026-02-26T13:19:47.037417+00:00,,,,[],[],[]
zLuDg6IA,Barbados U20,NORTH_CENTRAL_AMERICA_CONCACAF_CHAMPIONSHIP_U20,https://static.flashscore.com/res/image/data/Glgl2UQq-Y9yfNGDc.png,https://www.flashscore.com/team/trinidad-tobago/zLuDg6IA/,2026-02-26T13:19:47.037417+00:00,,,,[],[],[]
zRqy53ur,Steaua Bucuresti,ROMANIA_LIGA_2,https://static.flashscore.com/res/image/data/Yufg87WH-Sr53OjkC.png,https://www.flashscore.com/team/csm-slatina/zRqy53ur/,2026-02-26T13:19:47.037417+00:00,,,,[],[],[]
xfAehSWL,Damac,SAUDI_ARABIA_SAUDI_PROFESSIONAL_LEAGUE,https://static.flashscore.com/res/image/data/M7LnES86-29Hb7UEa.png,https://www.flashscore.com/team/damac/xfAehSWL/,2026-02-26T13:19:47.037417+00:00,,,,[],[],[]
zLwAvKwG,St Michel United,SEYCHELLES_PREMIER_LEAGUE,https://static.flashscore.com/res/image/data/noA0WPVH-Us4vUtSG.png,https://www.flashscore.com/team/real-maldives/zLwAvKwG/,2026-02-26T13:19:47.037417+00:00,,,,[],[],[]
z5nFsAsU,Al Hamriyah,UNITED_ARAB_EMIRATES_DIVISION_1,https://static.flashscore.com/res/image/data/8MA7doWH-jeJRhi1f.png,https://www.flashscore.com/team/al-hamriyah/z5nFsAsU/,2026-02-26T13:19:47.037417+00:00,,,,[],[],[]
xdCE608k,Al Thaid,UNITED_ARAB_EMIRATES_DIVISION_1,https://static.flashscore.com/res/image/data/lvPzCule-jeJRhi1f.png,https://www.flashscore.com/team/masfut/xdCE608k/,2026-02-26T13:19:47.037417+00:00,,,,[],[],[]
x6Lam4Z8,Vitkovice (Cze),WORLD_CLUB_FRIENDLY,https://static.flashscore.com/res/image/data/AFYlKPlC-h2SUOGyd.png,https://www.flashscore.com/team/vitkovice/x6Lam4Z8/,2026-02-26T13:19:47.037417+00:00,,,,[],[],[]
xbuqLwDS,Saudi Arabia W,WORLD_FRIENDLY_INTERNATIONAL_WOMEN,https://static.flashscore.com/res/image/data/URPUgUjC-hUSC5KsB.png,https://www.flashscore.com/team/saudi-arabia/xbuqLwDS/,2026-02-26T13:19:47.037417+00:00,,,,[],[],[]
